0.053019856,0.128332902,-0.395322792,-1.205794629,-0.469865084,0.516725554,-0.400993258,-0.723617612,-0.306257876,-1.357557228,-1.13502932,0.136378427
-0.072516475,-0.193369964,-0.502298374,-1.045557283,-0.741965427,0.002154595,-0.249309685,-0.145327786,-0.147159508,-1.402677366,-0.790279033,0.374617216
0.053158643,0.129163746,-0.393677666,-1.205331813,-0.47230861,0.512431742,-0.40598493,-0.725073677,-0.300172132,-1.352388769,-1.13568064,0.137464663
-0.073119031,-0.195341292,-0.503805217,-1.042008224,-0.735207725,0.009281854,-0.233392336,-0.130099941,-0.146379662,-1.397724611,-0.783482494,0.366361223
0.052939971,0.129278533,-0.39150366,-1.203123279,-0.4751096,0.507390581,-0.405605207,-0.723020173,-0.301552714,-1.346376579,-1.122794296,0.140031179
-0.074410393,-0.200123412,-0.506785814,-1.038492463,-0.737159881,-0.003720388,-0.245768884,-0.138381878,-0.156200744,-1.405722738,-0.783387291,0.366123305
0.052567019,0.128981116,-0.387756678,-1.196936099,-0.475188517,0.51207734,-0.386500938,-0.713723037,-0.305254603,-1.344437983,-1.122280945,0.135762861
-0.07309911,-0.195308539,-0.501484174,-1.038535153,-0.740041663,-0.005947539,-0.250576607,-0.14221943,-0.154865532,-1.406421493,-0.787217627,0.362345556
0.053424549,0.130086943,-0.390606958,-1.201319058,-0.474251082,0.511547491,-0.395383085,-0.718939606,-0.300265309,-1.34393759,-1.128794181,0.135212979
-0.072542082,-0.193130148,-0.500303335,-1.040525028,-0.738615133,0.003347678,-0.239641452,-0.135387462,-0.145272867,-1.392138849,-0.783122536,0.357689683
0.053380847,0.12968725,-0.392468621,-1.203744277,-0.473346442,0.513483559,-0.3967045,-0.721024081,-0.303564843,-1.343738701,-1.118392129,0.138396902
-0.073743396,-0.197952402,-0.503129151,-1.033830926,-0.73419775,-0.003044515,-0.244288733,-0.132755094,-0.139523656,-1.384617633,-0.774585815,0.360738074
0.053074505,0.129796725,-0.386957397,-1.192405252,-0.469174506,0.504861827,-0.404925778,-0.721977503,-0.305777573,-1.348863689,-1.122190397,0.134839128
-0.073391337,-0.195155058,-0.498727386,-1.035364898,-0.740119505,-0.00437508,-0.245285724,-0.140464115,-0.155216921,-1.403171789,-0.782158422,0.366841124
0.053292498,0.130226847,-0.388057912,-1.195936595,-0.471021011,0.511169665,-0.392764656,-0.716604446,-0.307628532,-1.351803955,-1.133888669,0.125605266
-0.071208207,-0.188460853,-0.495897231,-1.043860067,-0.747156929,-0.002673952,-0.244089579,-0.13710441,-0.14565749,-1.39978283,-0.790068952,0.360620778
0.05479799,0.132805792,-0.392440847,-1.206238727,-0.473971295,0.509356982,-0.402624364,-0.718357187,-0.298236019,-1.347614876,-1.127482754,0.137488461
-0.072279862,-0.19363681,-0.500709936,-1.039051576,-0.741594419,-0.003596541,-0.240732872,-0.144864732,-0.182348545,-1.424687777,-0.780348475,0.360130583
0.054441807,0.133598899,-0.385119497,-1.193898782,-0.467907434,0.509901152,-0.398494193,-0.717571656,-0.306040901,-1.354794472,-1.135991602,0.12873836
-0.073218123,-0.196348233,-0.502605529,-1.0393233,-0.742658655,-0.004911903,-0.246169648,-0.147826448,-0.166679944,-1.41477828,-0.793963135,0.360734598
0.053263583,0.130595774,-0.386326779,-1.191639519,-0.466018646,0.509400866,-0.401662567,-0.721531334,-0.307248284,-1.35160342,-1.122881904,0.143380257
-0.072536717,-0.194481976,-0.501067719,-1.037873666,-0.739472609,-0.002276849,-0.24550537,-0.141370052,-0.145718985,-1.388665101,-0.778617759,0.367405241
0.052896528,0.129358053,-0.388613288,-1.194531026,-0.466792653,0.511817404,-0.399809909,-0.721428646,-0.305910568,-1.349545173,-1.129427018,0.133337817
-0.073925724,-0.198869783,-0.504150591,-1.034447696,-0.734653958,0.001110381,-0.237956385,-0.142977691,-0.171172826,-1.412310863,-0.778459257,0.377741432
0.053170915,0.130681821,-0.384708618,-1.188523594,-0.464817352,0.507169563,-0.404457946,-0.722054468,-0.305740901,-1.353884224,-1.136140052,0.134088365
-0.074426753,-0.201405712,-0.5062405,-1.031889086,-0.73407303,-0.0053306,-0.24219028,-0.146113771,-0.18568675,-1.428293821,-0.78482499,0.367225196
0.052617304,0.129313108,-0.384562147,-1.186083745,-0.463256049,0.506625162,-0.406906729,-0.722257009,-0.300448738,-1.35473778,-1.142455081,0.137281123
-0.074236431,-0.198545785,-0.501436618,-1.033402465,-0.73832261,-0.003477379,-0.243599096,-0.147770683,-0.174128799,-1.418831251,-0.786258231,0.369229049
0.053250937,0.130607142,-0.385028198,-1.187813759,-0.46225953,0.510846525,-0.400344257,-0.719273178,-0.304688647,-1.349218308,-1.124415623,0.142059772
-0.073236085,-0.195621809,-0.500762569,-1.038793766,-0.742445484,-0.003528824,-0.249852792,-0.147740678,-0.146986469,-1.390595959,-0.780710406,0.374277103
0.053376021,0.129637611,-0.390665288,-1.195504384,-0.463780271,0.50716406,-0.414335642,-0.727809597,-0.306266956,-1.351988932,-1.124671856,0.139514251
-0.073490332,-0.197156782,-0.501588788,-1.032393989,-0.733064413,0.001111393,-0.241685899,-0.144165145,-0.164611731,-1.409813827,-0.784685757,0.374940711
0.053278041,0.130502488,-0.385567605,-1.188856306,-0.463762719,0.506860063,-0.409826999,-0.724518139,-0.298801508,-1.35376997,-1.143232927,0.138107413
-0.073163293,-0.196228018,-0.500728004,-1.032178291,-0.733309023,0.001320619,-0.239579804,-0.144741274,-0.17462235,-1.422215653,-0.790053796,0.376249674
0.053170761,0.130406505,-0.38531362,-1.188524467,-0.464377994,0.503014517,-0.414695884,-0.725813548,-0.302108973,-1.356956905,-1.134596349,0.145487928
-0.074362291,-0.199753435,-0.503607668,-1.033994515,-0.738524254,-0.007152091,-0.248603348,-0.146179348,-0.164894943,-1.414140059,-0.785870092,0.37622856
0.052701928,0.128951806,-0.386725419,-1.189587846,-0.465367264,0.508224927,-0.402449974,-0.721504461,-0.306669214,-1.354220393,-1.125648349,0.146575679
-0.074027229,-0.198586694,-0.502344358,-1.031936396,-0.734793672,-0.003653984,-0.243256648,-0.136976421,-0.15154671,-1.401001979,-0.785115785,0.368052039
0.052210708,0.127277894,-0.388958471,-1.191732516,-0.468382369,0.502473271,-0.408982927,-0.723967669,-0.307758385,-1.355457074,-1.123814738,0.143880424
-0.073126382,-0.195106424,-0.498468764,-1.031908052,-0.736162917,-0.000387312,-0.235844353,-0.130665501,-0.143881021,-1.3909582,-0.782932442,0.362933299
0.05256795,0.128383604,-0.387278491,-1.189865513,-0.46856806,0.499238631,-0.408845626,-0.719730327,-0.30668171,-1.352905779,-1.122170739,0.138233969
-0.072667978,-0.192848714,-0.498297104,-1.042399101,-0.750071112,-0.006580705,-0.242693805,-0.133805051,-0.132282873,-1.382235039,-0.786054298,0.362381387
0.052087607,0.125887217,-0.395668224,-1.203833147,-0.476346968,0.500022982,-0.411278837,-0.721215924,-0.299471138,-1.347592891,-1.124480175,0.136509911
-0.07434421,-0.199087603,-0.503229293,-1.036333226,-0.742492525,-0.007945553,-0.240661127,-0.132538093,-0.149552548,-1.395915102,-0.779037159,0.367321411
0.051949862,0.126274802,-0.391421546,-1.195052109,-0.471209248,0.496989048,-0.414288542,-0.719021976,-0.297930742,-1.350232953,-1.124663565,0.139054845
-0.073184472,-0.194459617,-0.499149957,-1.040634694,-0.747494843,-0.005035974,-0.241529593,-0.139061439,-0.153122494,-1.400559776,-0.783602626,0.363357838
0.052240071,0.126569002,-0.394295352,-1.200881452,-0.471138027,0.505810396,-0.404761683,-0.719223961,-0.310475073,-1.357094674,-1.11758357,0.139735499
-0.072871835,-0.193749631,-0.500031595,-1.043344825,-0.747455273,-9.92E-05,-0.237264771,-0.127594221,-0.113042196,-1.362455459,-0.786776654,0.355613567
0.052362984,0.127541542,-0.392289701,-1.200060918,-0.472100893,0.506273891,-0.402688214,-0.716613127,-0.304251387,-1.351217496,-1.124615102,0.129569595
-0.07425733,-0.199205665,-0.504337585,-1.0388696,-0.744242884,-0.007021392,-0.241353187,-0.133240684,-0.144908092,-1.395002232,-0.785126765,0.362195805
0.052353359,0.128061508,-0.389282357,-1.194833909,-0.469368955,0.505850252,-0.40336425,-0.718390943,-0.307981067,-1.358252993,-1.131844407,0.131144835
-0.07421225,-0.199238066,-0.504238931,-1.038493185,-0.744666852,-0.009550794,-0.247398287,-0.134223063,-0.12954715,-1.381484029,-0.789018043,0.3615824
0.051220522,0.124146279,-0.394317059,-1.19792585,-0.470457478,0.503884683,-0.407530209,-0.718478276,-0.301517404,-1.351951493,-1.12291706,0.140968919
-0.074097511,-0.196945942,-0.499960459,-1.038722323,-0.747207964,-0.006507239,-0.245782763,-0.133375911,-0.113970164,-1.363840309,-0.789696914,0.356275652
0.051953227,0.125939307,-0.392836162,-1.196107446,-0.469277112,0.498410038,-0.415734995,-0.720762239,-0.302236973,-1.35069374,-1.116919877,0.140609416
-0.074929769,-0.201477274,-0.504857662,-1.033543035,-0.738956042,-0.00642067,-0.241020028,-0.127895731,-0.126365678,-1.375070917,-0.786130362,0.354109098
0.051936289,0.126301633,-0.390578261,-1.19258246,-0.46724103,0.504175779,-0.404158246,-0.715060604,-0.299835718,-1.345944577,-1.122720832,0.131156907
-0.073990816,-0.196945697,-0.500820572,-1.038798436,-0.744640692,-0.003689574,-0.241106614,-0.135117789,-0.13886626,-1.383250325,-0.775772312,0.369618609
0.052500763,0.128273225,-0.389197784,-1.193766306,-0.467169122,0.506604241,-0.405819733,-0.719208573,-0.299044664,-1.346346945,-1.131458735,0.129882587
-0.07317582,-0.195074385,-0.499861385,-1.040115281,-0.747054017,-0.006895951,-0.248925768,-0.143759818,-0.140680945,-1.388775849,-0.7900399,0.366249725
0.053290764,0.129860628,-0.389556348,-1.19480161,-0.465794651,0.502708871,-0.417230463,-0.723110087,-0.294014637,-1.347217178,-1.133334117,0.135856178
-0.074005106,-0.197305715,-0.500491559,-1.036732345,-0.744186351,-0.005764702,-0.242288049,-0.141857521,-0.158496645,-1.401681464,-0.78259364,0.365503913
0.054246239,0.132780482,-0.385742474,-1.191154709,-0.463981034,0.502865608,-0.413033822,-0.721355573,-0.304287825,-1.349649982,-1.117584197,0.141463117
-0.073413587,-0.198246034,-0.504881103,-1.038390912,-0.74335638,-0.00964527,-0.248958451,-0.134200468,-0.117516979,-1.363043549,-0.786016069,0.353600492
0.053450177,0.131629592,-0.383071496,-1.186428432,-0.465940421,0.497345522,-0.412515394,-0.718284585,-0.30487968,-1.352932946,-1.126640424,0.131001311
-0.073849287,-0.198478485,-0.502480913,-1.034113335,-0.741233869,-0.004718097,-0.233480926,-0.12342416,-0.122308475,-1.367301622,-0.787490027,0.354874211
0.05361518,0.132074579,-0.382068184,-1.184534001,-0.465372009,0.495908676,-0.410269188,-0.714150864,-0.306589951,-1.35095199,-1.113325364,0.137372171
-0.072526002,-0.194866627,-0.499891931,-1.035682104,-0.744928898,-0.008823391,-0.239948424,-0.128186034,-0.120667503,-1.364639912,-0.784137944,0.35775368
0.053454413,0.131518175,-0.383253253,-1.185367085,-0.463207653,0.500550628,-0.407812177,-0.715919672,-0.309669841,-1.352205392,-1.113898822,0.137806044
-0.073498662,-0.198216831,-0.502275144,-1.031629556,-0.738131007,-0.004233942,-0.234898138,-0.126404795,-0.124680672,-1.364242526,-0.77735618,0.364589492
0.052609676,0.128096008,-0.38800677,-1.187331683,-0.461016306,0.509403994,-0.394198069,-0.712347029,-0.314831127,-1.351956448,-1.115763245,0.13024026
-0.073403634,-0.196192493,-0.499541696,-1.037360106,-0.748423326,-0.008499918,-0.245083506,-0.134408715,-0.108013838,-1.351740792,-0.78951169,0.355136384
0.052071757,0.126786248,-0.389390215,-1.188125761,-0.461922202,0.496802007,-0.420115901,-0.721292184,-0.305893698,-1.355213461,-1.122630372,0.133682373
-0.073115478,-0.195398413,-0.499614366,-1.039002215,-0.748840949,-0.007655259,-0.247591901,-0.134393705,-0.094691546,-1.338967069,-0.792932425,0.351013015
0.053136533,0.129098429,-0.39010629,-1.192041943,-0.462136759,0.499128452,-0.420816295,-0.721183198,-0.300306538,-1.347341076,-1.11697892,0.135637967
-0.07331062,-0.195708343,-0.499947851,-1.038857024,-0.746452359,-0.001432982,-0.235377264,-0.13093709,-0.119475932,-1.360773631,-0.785533707,0.35214914
0.053701909,0.131451065,-0.386346456,-1.189820418,-0.461650437,0.505905423,-0.405713338,-0.71538364,-0.310901853,-1.356274814,-1.117544888,0.135021615
-0.073134237,-0.195759059,-0.499910287,-1.03815354,-0.748209173,-0.007881353,-0.243672527,-0.130520432,-0.105660914,-1.350977536,-0.783981414,0.360771461
0.053892267,0.131938909,-0.384905624,-1.186914045,-0.459666641,0.508306847,-0.398670776,-0.707197072,-0.305331303,-1.354767889,-1.121874118,0.133269365
-0.073043133,-0.196330681,-0.500969401,-1.033810457,-0.738830528,-0.000417362,-0.230358692,-0.123850819,-0.13436496,-1.384036705,-0.788043259,0.361363377
0.053026767,0.129421761,-0.38648925,-1.186335057,-0.461149903,0.504022863,-0.404399318,-0.709998383,-0.30037612,-1.359244147,-1.135635593,0.137224561
-0.072538081,-0.194007514,-0.499864508,-1.040439302,-0.747074014,-0.004000409,-0.240361491,-0.132919008,-0.128394319,-1.382293497,-0.792574249,0.371267093
0.052557601,0.127923364,-0.390788495,-1.192744382,-0.462336781,0.5017819,-0.416259514,-0.718228307,-0.309010598,-1.368862275,-1.123136458,0.14822137
-0.072675231,-0.192528341,-0.497837586,-1.045726025,-0.754920647,-0.003440761,-0.240637331,-0.129865537,-0.103369293,-1.357564497,-0.788621656,0.370191325
0.053785057,0.130477758,-0.392183644,-1.198907932,-0.464579002,0.508040964,-0.406163343,-0.713022015,-0.308935035,-1.36684119,-1.124319763,0.140889496
-0.072012032,-0.192074256,-0.500056533,-1.047318624,-0.753316056,-0.002983459,-0.240220094,-0.128294307,-0.105289519,-1.361758019,-0.792212077,0.366088107
0.053715828,0.13120379,-0.389380455,-1.196527024,-0.466296682,0.501913077,-0.413817632,-0.713459701,-0.301504739,-1.367280905,-1.137574479,0.133140397
-0.073282984,-0.196637047,-0.503020283,-1.04333481,-0.751250851,-0.01021567,-0.249325304,-0.13587812,-0.12135798,-1.382960212,-0.801695989,0.364713345
0.053955746,0.13225449,-0.385827078,-1.190568853,-0.462907822,0.503366292,-0.409356717,-0.712501329,-0.307865628,-1.369622535,-1.129460462,0.141545466
-0.073010713,-0.197382509,-0.503029107,-1.035383911,-0.741799001,-0.007351632,-0.243668304,-0.124400883,-0.100973294,-1.356747933,-0.789274623,0.368751495
0.052629764,0.129076196,-0.386146418,-1.18588183,-0.459923988,0.497608346,-0.420097066,-0.71477504,-0.302246145,-1.367250049,-1.126545919,0.144954956
-0.073982051,-0.198486933,-0.502870531,-1.038091656,-0.744595633,-0.003437721,-0.240727472,-0.126193976,-0.100845399,-1.357591347,-0.793135801,0.368713881
0.051657919,0.126067445,-0.389390898,-1.187844204,-0.460042847,0.503787135,-0.409420969,-0.711938992,-0.307646285,-1.370703709,-1.132124518,0.138228674
-0.0745998,-0.200139352,-0.502912313,-1.036447933,-0.74654984,-0.012115666,-0.25462661,-0.131455414,-0.09073436,-1.353392565,-0.800788882,0.366427808
0.051797496,0.126233719,-0.389369303,-1.187062406,-0.459769471,0.49514161,-0.426168833,-0.716798147,-0.300466446,-1.370015884,-1.131874609,0.144085493
-0.073566041,-0.196722971,-0.500846065,-1.03837713,-0.745708354,-0.005136367,-0.246937177,-0.125368786,-0.079366876,-1.339669798,-0.800026089,0.361959533
0.052495175,0.127853769,-0.389761953,-1.190943932,-0.460719228,0.509126162,-0.399185665,-0.704780521,-0.309761771,-1.369671862,-1.120537245,0.142681308
-0.073961921,-0.197771365,-0.50158972,-1.03715506,-0.742727492,-0.001979293,-0.24264016,-0.12253149,-0.08215692,-1.344404473,-0.806119622,0.350110186
0.05211334,0.126378985,-0.391449569,-1.191374063,-0.461693473,0.50427032,-0.409533639,-0.712232155,-0.303808124,-1.366908398,-1.132617227,0.140727414
-0.073340424,-0.195425833,-0.499216492,-1.037126298,-0.743285562,-0.000994349,-0.239177451,-0.122316498,-0.091143564,-1.349424487,-0.80000208,0.358367965
0.05321753,0.129659442,-0.388517333,-1.191350377,-0.463885895,0.500353802,-0.413011462,-0.713416838,-0.304497654,-1.362483099,-1.12026027,0.144564736
-0.07355229,-0.196762012,-0.500361983,-1.035268782,-0.742682704,-0.007910667,-0.249210745,-0.123222081,-0.078661264,-1.33377267,-0.791401765,0.354242492
0.053045355,0.128540166,-0.390689575,-1.192953103,-0.463810869,0.503522952,-0.403693653,-0.707040529,-0.313752335,-1.36878366,-1.115089906,0.141133822
-0.073790169,-0.196555083,-0.499250158,-1.03697881,-0.747208824,-0.008696971,-0.251480658,-0.123910885,-0.055077007,-1.31017438,-0.799549623,0.354454841
0.052316452,0.127563842,-0.389678411,-1.192889307,-0.465352497,0.512008066,-0.388478517,-0.70359189,-0.313472822,-1.363853844,-1.120025092,0.135425236
-0.073868424,-0.19757332,-0.501861399,-1.038091878,-0.744757486,-0.007171877,-0.247996057,-0.122918248,-0.079999172,-1.340576413,-0.800430722,0.358068295
0.052356143,0.127712427,-0.389261977,-1.191649435,-0.465945381,0.498562315,-0.413498766,-0.711698463,-0.299786974,-1.359860259,-1.128293331,0.135750994
-0.073066369,-0.193957515,-0.499248256,-1.04258949,-0.748524404,-0.0021801,-0.23831631,-0.117669547,-0.087238555,-1.345857686,-0.792839186,0.36208469
0.053656847,0.130071497,-0.39266819,-1.201166488,-0.468549702,0.507240463,-0.404017227,-0.709776109,-0.30160935,-1.356691987,-1.118156765,0.140909183
-0.071647698,-0.189729361,-0.498303518,-1.050544779,-0.754395875,-0.004545929,-0.252681269,-0.130362264,-0.086430752,-1.34880689,-0.795684673,0.357101093
0.053772978,0.131151061,-0.392177859,-1.204921075,-0.472119947,0.506934193,-0.407562369,-0.710757668,-0.291250825,-1.34632359,-1.117663395,0.138662691
-0.071944366,-0.191329615,-0.501821315,-1.054240105,-0.75595806,-0.004165114,-0.250875871,-0.130240169,-0.090646683,-1.351172886,-0.799158034,0.342803049
0.054117769,0.131801207,-0.393750225,-1.208121561,-0.471076411,0.508352274,-0.41121782,-0.714675085,-0.297775839,-1.351569998,-1.112340148,0.140971222
-0.073317377,-0.197593948,-0.507575675,-1.047470379,-0.74642227,-0.002001186,-0.242822049,-0.118353024,-0.079101438,-1.330421223,-0.779028323,0.355749581
0.054146164,0.133113948,-0.387123876,-1.197738132,-0.466789854,0.513518057,-0.394025857,-0.703129618,-0.295691014,-1.344245816,-1.114712376,0.131363426
-0.073285292,-0.19719476,-0.506667193,-1.0465102,-0.744826116,0.001152996,-0.240467181,-0.121300937,-0.086872108,-1.337077345,-0.779664861,0.367659607
0.05360224,0.131698115,-0.387311738,-1.196138018,-0.466523697,0.513781473,-0.39260062,-0.7036274,-0.29425008,-1.338964003,-1.10806219,0.136080095
-0.073847455,-0.199893647,-0.507908174,-1.039907843,-0.738578062,-0.001420896,-0.240707934,-0.120334798,-0.099755133,-1.347638315,-0.77343979,0.365387344
0.052848817,0.130260142,-0.385014942,-1.189365995,-0.463837921,0.508061622,-0.402014244,-0.709116949,-0.293119757,-1.340060604,-1.116858778,0.129741287
-0.074285568,-0.199519909,-0.505544981,-1.040554707,-0.741879953,-0.001981402,-0.245562375,-0.126341092,-0.092803226,-1.343328782,-0.787373245,0.351222241
0.053515643,0.130542286,-0.388571047,-1.192498926,-0.461481887,0.50482816,-0.413410488,-0.711801925,-0.287236287,-1.338056967,-1.116615835,0.132866665
-0.072930037,-0.195063151,-0.500427402,-1.038115459,-0.742128795,-0.003647743,-0.246517112,-0.120706523,-0.071174398,-1.318982021,-0.786267734,0.344740368
0.054181364,0.132764464,-0.385807687,-1.191940384,-0.462612391,0.512076099,-0.394666356,-0.703874384,-0.296444922,-1.338966556,-1.110719615,0.129670725
-0.073322888,-0.197106962,-0.502940329,-1.035621363,-0.736305623,0.000909906,-0.236979475,-0.1131523,-0.076989709,-1.323125184,-0.782771426,0.347010043
0.053513387,0.131198257,-0.385545681,-1.18988802,-0.465166752,0.501667038,-0.404642165,-0.705211468,-0.298615246,-1.343652423,-1.108611106,0.132198537
-0.072979167,-0.195236752,-0.500660525,-1.037162389,-0.740583308,-0.001203763,-0.242116157,-0.113203031,-0.043965326,-1.285920214,-0.784830773,0.349742679
0.053332717,0.13106795,-0.385569286,-1.191744912,-0.468106239,0.502910695,-0.400094025,-0.703659631,-0.298034618,-1.338941143,-1.10533043,0.130031265
-0.073331771,-0.19667239,-0.502675271,-1.037626034,-0.739865995,-0.002699321,-0.241473695,-0.110762634,-0.057190826,-1.302295122,-0.779340838,0.352572595
0.053817698,0.131506094,-0.387590051,-1.194452693,-0.46848146,0.499773307,-0.406896431,-0.704856828,-0.293799669,-1.335290274,-1.098014714,0.13870706
-0.074300165,-0.200086916,-0.50436415,-1.035709568,-0.744291194,-0.01546594,-0.254220856,-0.116903219,-0.054515409,-1.300625318,-0.783400347,0.350786789
0.051944858,0.126789407,-0.388602119,-1.190161933,-0.467722292,0.500622944,-0.399809591,-0.701561326,-0.294029126,-1.333937075,-1.103501611,0.131073725
-0.074358347,-0.199288929,-0.502680961,-1.033732043,-0.739457454,-0.004002496,-0.234454375,-0.106381058,-0.068780964,-1.312440484,-0.781124463,0.341933004
0.050699464,0.121611386,-0.397454036,-1.197479646,-0.469285525,0.502131031,-0.399171399,-0.702854979,-0.299362138,-1.340262287,-1.106698481,0.127560547
-0.073999223,-0.194208469,-0.495616819,-1.042124859,-0.754349668,-0.006811769,-0.244689987,-0.117632743,-0.060137033,-1.306506523,-0.778819443,0.353999904
0.051360701,0.123152396,-0.399278179,-1.20393396,-0.470543515,0.508735719,-0.393184607,-0.698101843,-0.29627794,-1.336297135,-1.090706651,0.139528638
-0.073785469,-0.195102212,-0.498993999,-1.044611898,-0.754145658,-0.007737682,-0.256314015,-0.12285522,-0.014453017,-1.253651719,-0.784821641,0.339447858
0.052008267,0.125452497,-0.396550311,-1.202572392,-0.469013267,0.51286919,-0.381487856,-0.685444827,-0.302012138,-1.345978572,-1.09004214,0.13258405
-0.072639384,-0.192309214,-0.498797992,-1.045965506,-0.750001741,0.000551367,-0.243879673,-0.110926939,-0.013940389,-1.25717901,-0.789265872,0.330850298
0.052755629,0.127608346,-0.396300121,-1.206321748,-0.471817954,0.508739399,-0.39196958,-0.690271122,-0.300126329,-1.353677911,-1.097829863,0.137165359
-0.074503729,-0.200204937,-0.506469907,-1.041978688,-0.746067224,-0.00742828,-0.252648403,-0.115914308,-0.020960146,-1.270323174,-0.802054772,0.327115411
0.052091457,0.126566412,-0.392308265,-1.197117432,-0.469554898,0.504398801,-0.393981964,-0.694303875,-0.303700566,-1.353979996,-1.096615628,0.142011422
-0.072038108,-0.190742368,-0.497955574,-1.046205752,-0.749693687,0.001137763,-0.244334507,-0.115542806,-0.026350275,-1.271290113,-0.790296545,0.338557367
0.053361329,0.129141652,-0.394757363,-1.205026074,-0.471509284,0.508817503,-0.391635459,-0.694781514,-0.307801917,-1.356940612,-1.096720322,0.140720585
-0.074003672,-0.197144917,-0.50311976,-1.045276292,-0.75016184,-0.004185626,-0.250371561,-0.117409107,-0.023034868,-1.273169023,-0.796581246,0.344956367
0.052191746,0.127061817,-0.392886056,-1.200696917,-0.471037436,0.514457976,-0.375571153,-0.685656037,-0.309575882,-1.360851191,-1.105932336,0.134034318
-0.074256057,-0.19923295,-0.504280531,-1.038125573,-0.742357843,-0.004260259,-0.247643041,-0.111626182,-0.01670579,-1.264896186,-0.799682926,0.336344185
0.052021508,0.126714766,-0.390405528,-1.193182958,-0.465322174,0.515018084,-0.374601375,-0.685755816,-0.310800113,-1.359343298,-1.106099669,0.133987761
-0.074183587,-0.198459026,-0.50287807,-1.038128788,-0.742398268,-0.001516121,-0.248593802,-0.117743199,-0.016631195,-1.261259786,-0.80118991,0.336546466
0.052826347,0.128470952,-0.390847919,-1.195348044,-0.46519218,0.509476965,-0.38846347,-0.690754367,-0.310718576,-1.367823558,-1.107726733,0.141009861
-0.074306404,-0.199165482,-0.503972423,-1.037454804,-0.739454609,0.001885121,-0.246196467,-0.118385589,-0.017166286,-1.262162963,-0.81079456,0.321907673
0.053011253,0.129985475,-0.38632534,-1.189468239,-0.463078439,0.505561702,-0.395253317,-0.694735871,-0.312324882,-1.373035115,-1.110848379,0.143392284
-0.074262003,-0.19995837,-0.503755759,-1.033918634,-0.740031009,-0.008688626,-0.25777841,-0.122387698,-0.027480364,-1.283042824,-0.813818601,0.332120289
0.051115922,0.124813461,-0.389245064,-1.187356355,-0.462313957,0.502976823,-0.398882815,-0.697316978,-0.313961214,-1.378501285,-1.114115003,0.148448422
-0.074237165,-0.198108679,-0.501170199,-1.034482541,-0.737747167,0.003806978,-0.23919451,-0.114169112,-0.040299496,-1.293948736,-0.805411958,0.341437034
0.052351331,0.127318052,-0.390406963,-1.192658032,-0.464093094,0.510812237,-0.38590705,-0.692922393,-0.31397641,-1.371859272,-1.114388079,0.143693046
-0.073587766,-0.19618205,-0.500087831,-1.0393777,-0.747426225,-0.007747226,-0.254000225,-0.119238662,-0.036881024,-1.298190515,-0.80181425,0.36118518
0.052197754,0.12734196,-0.390327123,-1.193994264,-0.464900362,0.511741476,-0.38753942,-0.693404507,-0.308240719,-1.36663125,-1.11033967,0.146945606
-0.073320153,-0.194882561,-0.50043987,-1.044054427,-0.748441433,-0.002520986,-0.254144604,-0.122927085,-0.034567035,-1.298087584,-0.809743778,0.349464683
0.053076051,0.129402484,-0.389811835,-1.194411365,-0.461893444,0.515807773,-0.384534195,-0.691059691,-0.313905919,-1.37800912,-1.111274874,0.149200154
-0.073803543,-0.197792726,-0.503018308,-1.038920025,-0.741916862,-0.001571685,-0.250936265,-0.118983088,-0.031900776,-1.292951412,-0.807896295,0.34331599
0.052546539,0.127146336,-0.392806278,-1.194959341,-0.460456996,0.518695644,-0.380277043,-0.691099641,-0.317575003,-1.382115593,-1.117581648,0.146182651
-0.072524428,-0.191252188,-0.496663871,-1.046779718,-0.752675896,0.001469773,-0.248264936,-0.123472204,-0.039480859,-1.306300023,-0.814199555,0.348733026
0.053625854,0.130194413,-0.393400182,-1.201519152,-0.462977087,0.511798662,-0.404375348,-0.702918604,-0.305961004,-1.380779875,-1.126933371,0.146669119
-0.072863498,-0.193944424,-0.501899312,-1.047271517,-0.746142686,0.00670397,-0.241171231,-0.11500061,-0.046829798,-1.317162361,-0.809145009,0.355181804
0.053040868,0.129805378,-0.390536334,-1.199145094,-0.464984044,0.519930236,-0.38354057,-0.694602521,-0.309985878,-1.380036303,-1.12669011,0.145291286
-0.073294756,-0.196450782,-0.504374205,-1.044400003,-0.743366354,0.00104473,-0.243229937,-0.116487801,-0.085870133,-1.365524948,-0.805787328,0.366900093
0.052669952,0.128407232,-0.391755881,-1.197908843,-0.465119435,0.506646266,-0.408924193,-0.702719117,-0.293537298,-1.376887441,-1.139798539,0.147157029
-0.07410126,-0.197955063,-0.503988179,-1.044485707,-0.747684586,-0.004176598,-0.250061462,-0.119010359,-0.070546274,-1.349088275,-0.806439501,0.367793334
0.052507548,0.127690146,-0.39275643,-1.197881814,-0.462831796,0.512961597,-0.39981433,-0.701073081,-0.301700897,-1.378056434,-1.128980164,0.151835044
-0.074148068,-0.19781441,-0.503228248,-1.042671451,-0.744599707,0.000434937,-0.243701136,-0.115233462,-0.071509527,-1.347897624,-0.802446942,0.369029142
0.052146026,0.125964207,-0.396171477,-1.201905872,-0.464031289,0.522401741,-0.382797735,-0.694353598,-0.302646803,-1.375034872,-1.135795624,0.143254005
-0.074751652,-0.199750441,-0.50516844,-1.041348194,-0.740244313,0.005282981,-0.234505445,-0.117703691,-0.112789193,-1.390921975,-0.804881779,0.376225724
0.051463525,0.124999797,-0.394157149,-1.198056782,-0.464951689,0.513980403,-0.396850789,-0.702155623,-0.296005791,-1.374501482,-1.145299336,0.146410872
-0.075327517,-0.201630975,-0.505378137,-1.036036511,-0.735381336,0.005444825,-0.229398414,-0.117656779,-0.137638686,-1.412106493,-0.797340015,0.384893145
0.051902901,0.125938271,-0.392045596,-1.194180275,-0.464195664,0.513633657,-0.390148307,-0.699263797,-0.304059316,-1.377086118,-1.138055369,0.14987023
-0.073571875,-0.195030366,-0.499950831,-1.041148084,-0.742074255,0.005295995,-0.233365944,-0.118493567,-0.119359066,-1.39722641,-0.803184872,0.380485895
0.052784352,0.128118702,-0.39383162,-1.202197767,-0.46948665,0.506731792,-0.407651544,-0.709898176,-0.306114993,-1.388434851,-1.145914061,0.152257493
-0.071887074,-0.190533919,-0.49849684,-1.046406688,-0.746818723,0.002849974,-0.243419531,-0.121118438,-0.086304957,-1.368848875,-0.818510173,0.368691627
0.052333837,0.126827798,-0.396046013,-1.206827268,-0.473051748,0.51540013,-0.394051373,-0.711235279,-0.310451032,-1.3815065,-1.1356633,0.159484521
-0.073170987,-0.19554575,-0.503958581,-1.045550392,-0.744245842,-0.001390489,-0.246606514,-0.126298737,-0.117639523,-1.395236939,-0.79910853,0.380192325
0.053223514,0.129684402,-0.392635313,-1.204844177,-0.473105467,0.512526915,-0.398252492,-0.713260152,-0.312529208,-1.388458018,-1.149792909,0.148227639
-0.073216452,-0.195765687,-0.504001531,-1.044941818,-0.744021748,-0.005119652,-0.255677602,-0.132966123,-0.1202319,-1.405730575,-0.81002319,0.393031925
0.053596882,0.13027788,-0.392463407,-1.203949625,-0.470755466,0.517425919,-0.391586558,-0.714307149,-0.322217576,-1.395231283,-1.151392937,0.148604958
-0.073871929,-0.198060764,-0.50581457,-1.042646202,-0.740057026,-0.001465584,-0.25077859,-0.131379771,-0.120951261,-1.406507371,-0.817585661,0.381014259
0.05295524,0.128327872,-0.393903108,-1.203506119,-0.47131215,0.513082956,-0.39843245,-0.716709755,-0.316178249,-1.390191571,-1.149809781,0.15332913
-0.073899529,-0.197104441,-0.503062113,-1.04123539,-0.74159438,-0.003360071,-0.252514983,-0.133050466,-0.123054277,-1.406616847,-0.81350876,0.381697283
0.051770689,0.12533721,-0.395110052,-1.202558283,-0.472223625,0.514135831,-0.394027046,-0.715874496,-0.315936707,-1.387142487,-1.146951099,0.155286268
-0.074675502,-0.199146619,-0.502372589,-1.03611684,-0.740678628,-0.008945566,-0.255809561,-0.134461021,-0.126721632,-1.406774967,-0.808116213,0.384765131
0.052360413,0.126639703,-0.393415108,-1.19966321,-0.471799067,0.507959965,-0.39960799,-0.716902541,-0.319633154,-1.390471466,-1.147215814,0.149728804
-0.07360063,-0.195540094,-0.499418512,-1.037156733,-0.741554066,-0.006397342,-0.250766137,-0.128708875,-0.123163072,-1.403976709,-0.803888218,0.389226253
0.054009874,0.131032675,-0.391221983,-1.201204686,-0.471893671,0.505811974,-0.407244235,-0.717926661,-0.308684844,-1.385145506,-1.155716674,0.146492926
-0.073341655,-0.196089596,-0.502514082,-1.039433768,-0.739852353,-0.004183618,-0.250780376,-0.131445506,-0.12575178,-1.406735525,-0.815186356,0.377383805
0.052279916,0.127138815,-0.39184211,-1.197529637,-0.469889211,0.503779037,-0.411083646,-0.72160972,-0.312942768,-1.385346448,-1.148619587,0.15121314
-0.074321429,-0.199054858,-0.503991525,-1.038375005,-0.742227768,-0.007736128,-0.251235758,-0.13343059,-0.12700671,-1.400513491,-0.804354103,0.384652524
0.051600871,0.124893467,-0.394247661,-1.198788891,-0.47047392,0.509335863,-0.397205129,-0.713922436,-0.313162435,-1.377568042,-1.140273179,0.147510105
-0.073478623,-0.195227189,-0.500336301,-1.041186203,-0.745595959,-0.004334392,-0.243813296,-0.128121322,-0.129741942,-1.39965772,-0.79352326,0.387221348
0.052426085,0.126785198,-0.395219661,-1.202786732,-0.47167955,0.504446454,-0.409449777,-0.713441307,-0.296169276,-1.365364605,-1.138613712,0.147623271
-0.070837354,-0.186420389,-0.495259184,-1.050327525,-0.751920499,0.003568022,-0.236542774,-0.137343098,-0.162861788,-1.42663508,-0.788184613,0.395426672
0.054527634,0.132299051,-0.394051507,-1.209615074,-0.474863541,0.50842043,-0.407448131,-0.714026349,-0.295045692,-1.367364005,-1.148133895,0.141990018
-0.072608965,-0.194454018,-0.504013898,-1.04749987,-0.748259543,-0.006778556,-0.249370893,-0.139847343,-0.157983421,-1.426113941,-0.798908807,0.381278904
0.052813659,0.128082073,-0.394861251,-1.204809468,-0.472353097,0.505785807,-0.410273785,-0.71684526,-0.300721054,-1.37068134,-1.142968584,0.147029536
-0.074035756,-0.197900879,-0.504087211,-1.044869489,-0.750618404,-0.008634876,-0.250557273,-0.134717135,-0.121621527,-1.39034317,-0.800593482,0.381952446
0.052442205,0.127586087,-0.392736487,-1.200321243,-0.470135668,0.509848669,-0.40096215,-0.712835084,-0.30285703,-1.369441611,-1.138511604,0.148113818
-0.072586848,-0.192338725,-0.500355561,-1.049487154,-0.751449996,0.000842819,-0.240970131,-0.130992495,-0.124700419,-1.391972258,-0.797956847,0.376506462
0.052934253,0.127816888,-0.397414231,-1.209072742,-0.473416856,0.509035679,-0.407674652,-0.715876157,-0.298352606,-1.368716344,-1.145192128,0.141542894
-0.073717215,-0.197198689,-0.504532082,-1.04471497,-0.74639607,-0.003595942,-0.244438968,-0.133691118,-0.139973219,-1.406398485,-0.794949469,0.382699327
0.053021227,0.129374172,-0.391209818,-1.200276519,-0.469870329,0.510831416,-0.40073206,-0.715801149,-0.310309351,-1.375590737,-1.140577812,0.146247399
-0.073329155,-0.195678431,-0.50337202,-1.047466568,-0.750609029,-0.006059014,-0.250203108,-0.142904232,-0.153136063,-1.422733614,-0.79910895,0.383297575
0.051498715,0.12404705,-0.398925533,-1.20682633,-0.472157094,0.514601329,-0.39578722,-0.713904019,-0.309983103,-1.381075355,-1.148802949,0.147583123
-0.073369144,-0.193480304,-0.499444593,-1.049286064,-0.753793375,-0.000329428,-0.244373027,-0.142236101,-0.148872129,-1.418624999,-0.798444394,0.391388972
0.052694034,0.128046209,-0.395544444,-1.206884231,-0.470395959,0.516051593,-0.401367468,-0.718580078,-0.310809915,-1.385117661,-1.150999732,0.148781872
-0.071742517,-0.190481048,-0.500407292,-1.050479399,-0.748236472,0.005580589,-0.238352126,-0.144890092,-0.181014582,-1.45041489,-0.796729924,0.395582959
0.054440772,0.132397693,-0.393622282,-1.208469994,-0.47043656,0.515771094,-0.40362158,-0.715588482,-0.301952986,-1.381690528,-1.149797004,0.152680509
-0.072550504,-0.192760557,-0.502302769,-1.050907339,-0.748580816,0.004786875,-0.239880669,-0.142549062,-0.168948186,-1.437789299,-0.792559837,0.393394157
0.052913454,0.128402631,-0.396277517,-1.209381977,-0.471805361,0.520994222,-0.392508063,-0.716142385,-0.315357476,-1.388144927,-1.149319457,0.149309641
-0.073226734,-0.19454497,-0.502997058,-1.048405364,-0.744737485,0.007814817,-0.23838919,-0.133578285,-0.139735487,-1.416452106,-0.802132686,0.396195618
0.052949179,0.128332501,-0.396979137,-1.21019989,-0.472221997,0.516528216,-0.400737327,-0.719550654,-0.319395027,-1.395290657,-1.145971748,0.154543669
-0.074613957,-0.200559376,-0.507513987,-1.042944087,-0.742976784,-0.00186292,-0.2464863,-0.129851776,-0.117326485,-1.398795835,-0.812823185,0.381745935
0.051281603,0.124591284,-0.394410803,-1.19891733,-0.467864962,0.508457017,-0.406375745,-0.717684568,-0.32072857,-1.401149268,-1.150588213,0.151839498
-0.074477625,-0.19744713,-0.500332467,-1.038735818,-0.743247116,0.000150445,-0.245577574,-0.123947766,-0.08438962,-1.367658919,-0.823590273,0.367867349
0.051593463,0.124286875,-0.397139006,-1.201798331,-0.468573982,0.510765264,-0.396128345,-0.709284431,-0.330756971,-1.411958437,-1.146296512,0.155211427
-0.07389485,-0.195046975,-0.499889549,-1.046459266,-0.751780219,-0.001349232,-0.248207255,-0.126278377,-0.080104968,-1.367811067,-0.828946907,0.367732819
0.052107524,0.125145551,-0.400083845,-1.208915845,-0.471589508,0.509083286,-0.405066692,-0.713372628,-0.323173502,-1.408080573,-1.143969221,0.163643287
-0.074662331,-0.199584697,-0.505705979,-1.044073809,-0.746520798,-0.002890739,-0.2452035,-0.121594252,-0.094023986,-1.380643758,-0.816895621,0.380423758
0.05256234,0.127827899,-0.392730869,-1.200393141,-0.470756049,0.503701794,-0.408485757,-0.713260869,-0.321970027,-1.40903611,-1.143609351,0.164797338
-0.073397234,-0.195307665,-0.502279178,-1.046260234,-0.748694812,-0.001533615,-0.245425197,-0.120092597,-0.089225798,-1.382260618,-0.822813861,0.377620456
0.052485669,0.127148611,-0.395825886,-1.205516871,-0.471906402,0.507718173,-0.403977004,-0.709955792,-0.324840991,-1.416666536,-1.148400824,0.161046481
-0.074085753,-0.196494273,-0.502858213,-1.047926989,-0.751113215,-0.003268939,-0.252864829,-0.121807294,-0.060076293,-1.352233783,-0.826906573,0.375492389
0.052650601,0.1280972,-0.39410762,-1.204613255,-0.473065858,0.504120506,-0.407758318,-0.708283028,-0.318068808,-1.411577779,-1.14811779,0.159971735
-0.073040097,-0.194087217,-0.502121607,-1.046420692,-0.744152902,0.007447335,-0.231411985,-0.107709194,-0.090588625,-1.385279099,-0.818593051,0.384565037
0.053761598,0.130377418,-0.394421767,-1.207477609,-0.472955911,0.512489414,-0.394035027,-0.703200129,-0.32032025,-1.411500917,-1.151891576,0.16043712
-0.072806765,-0.193729242,-0.502617605,-1.049142783,-0.748736325,0.002395055,-0.238971752,-0.114606993,-0.092651178,-1.38951341,-0.822760059,0.38721364
0.053415809,0.128646692,-0.398230129,-1.211412272,-0.474128353,0.511152774,-0.39942794,-0.706202933,-0.31784738,-1.411753386,-1.151255069,0.166774702
-0.072008346,-0.190484285,-0.499349094,-1.052794846,-0.757020527,-0.006801452,-0.258623653,-0.124407494,-0.061969016,-1.362055314,-0.834911936,0.37595343
0.053083601,0.128074687,-0.398932572,-1.213017548,-0.475711781,0.505249423,-0.411274925,-0.70973941,-0.315716167,-1.417474571,-1.155206693,0.165437633
-0.072938641,-0.193282999,-0.5017319,-1.049528307,-0.74812375,0.00484249,-0.243030194,-0.113583452,-0.057271636,-1.353324825,-0.83326662,0.367721561
0.053954064,0.131002891,-0.394566281,-1.209534162,-0.473501087,0.517244104,-0.385221345,-0.697407868,-0.327048615,-1.423944431,-1.155469755,0.160571226
-0.073012524,-0.194425844,-0.503385936,-1.048452652,-0.746439073,0.004448265,-0.239514427,-0.110195026,-0.068369283,-1.368600841,-0.833436369,0.374853372
0.05281254,0.128608557,-0.39402897,-1.206205055,-0.474310447,0.510658686,-0.393545402,-0.699801496,-0.319206942,-1.416108292,-1.146591868,0.171681524
-0.07339601,-0.196032429,-0.503581117,-1.044986498,-0.746648037,-0.002802303,-0.240497964,-0.106622632,-0.086539807,-1.389483066,-0.821531387,0.38018105
0.052180946,0.126827732,-0.394622094,-1.204973592,-0.475050089,0.509178818,-0.392418263,-0.697596086,-0.318053558,-1.418894199,-1.155193911,0.1651573
-0.073679123,-0.196548909,-0.503885636,-1.046072082,-0.748534811,-0.005163389,-0.24782285,-0.112922751,-0.078817351,-1.384744646,-0.830602006,0.387419803
0.052129344,0.126312815,-0.396156365,-1.206235451,-0.475346208,0.50522945,-0.399681914,-0.700483991,-0.321279186,-1.426953734,-1.155552998,0.171743892
-0.074354625,-0.198345265,-0.504846659,-1.043798797,-0.74496607,-0.001249172,-0.238119951,-0.106575624,-0.091411351,-1.397194226,-0.822076309,0.400370162
0.05275467,0.128281076,-0.393570511,-1.204326088,-0.474475648,0.509204823,-0.392232018,-0.69928386,-0.323512896,-1.425827117,-1.162149477,0.163770866
-0.074124874,-0.197860466,-0.504362076,-1.043519937,-0.745489283,-0.000488868,-0.232432358,-0.106037694,-0.110813731,-1.419337814,-0.825037076,0.404236602
0.051473849,0.124068494,-0.398434467,-1.206628289,-0.475606893,0.507961755,-0.391151753,-0.695889101,-0.32372665,-1.432932557,-1.167101176,0.169746902
-0.074007855,-0.196467512,-0.50178764,-1.045671261,-0.752084984,-0.002955538,-0.237606966,-0.113417909,-0.104114848,-1.415667157,-0.838171987,0.396769105
0.052610918,0.127109876,-0.396009716,-1.20451538,-0.471986129,0.504559795,-0.403675801,-0.701263863,-0.320637405,-1.433600283,-1.165155741,0.1741817
-0.072606495,-0.192575554,-0.500576644,-1.048226145,-0.749291015,0.003727941,-0.235270006,-0.108668176,-0.085564777,-1.393305514,-0.82936373,0.40150089
0.053496754,0.129728676,-0.394652911,-1.206752359,-0.472051378,0.515541607,-0.382902532,-0.691529417,-0.330849967,-1.437299381,-1.159124286,0.168384245
-0.073375348,-0.194932586,-0.503156591,-1.051774359,-0.754780848,1.61E-05,-0.248063895,-0.117903478,-0.040380191,-1.34061803,-0.844422864,0.378544315
0.05293903,0.127590028,-0.398888836,-1.209976793,-0.470507255,0.513462656,-0.392218405,-0.692278608,-0.323333659,-1.434012078,-1.154220913,0.173076239
-0.072332839,-0.1915635,-0.501971302,-1.056262542,-0.755147071,0.00921061,-0.23760535,-0.113948022,-0.045781851,-1.345208299,-0.84176375,0.375014904
0.053948857,0.131967556,-0.391874377,-1.204989469,-0.468224426,0.517432127,-0.387364138,-0.690929382,-0.319905427,-1.428193593,-1.160082495,0.166217018
-0.073176107,-0.195952041,-0.504910777,-1.049359546,-0.750277511,0.002568179,-0.233282234,-0.111377526,-0.103620705,-1.412139695,-0.832099942,0.396492798
0.05338083,0.130253244,-0.391200273,-1.198859248,-0.465349494,0.507724247,-0.401947037,-0.695442484,-0.318756024,-1.437974687,-1.167570884,0.171200238
-0.073236988,-0.196097889,-0.502997108,-1.045435635,-0.751411424,-0.004091735,-0.24334968,-0.113022368,-0.071618928,-1.379909373,-0.839171491,0.388958612
0.052468487,0.12842115,-0.389410589,-1.192941586,-0.463740225,0.503528711,-0.403256935,-0.693129485,-0.321137579,-1.440889472,-1.162860813,0.173606031
-0.072728901,-0.193349054,-0.500665865,-1.050571882,-0.758114904,-0.003983043,-0.246962964,-0.118563203,-0.064601891,-1.372080792,-0.838007457,0.392525033
0.052319894,0.12588467,-0.398510697,-1.204190129,-0.465487496,0.508062042,-0.402705449,-0.693100785,-0.319811718,-1.441792574,-1.166518762,0.171844112
-0.073452099,-0.194427215,-0.500757153,-1.051196854,-0.757934099,-0.000153365,-0.242403598,-0.115145954,-0.0622978,-1.373085118,-0.842586192,0.395670562
0.053129024,0.12768244,-0.397956723,-1.204475944,-0.465310849,0.502799379,-0.413671173,-0.695252617,-0.310207904,-1.434699299,-1.160550695,0.178152568
-0.072796489,-0.192874701,-0.499574858,-1.049584108,-0.755919682,0.000399279,-0.23758014,-0.110411199,-0.073063397,-1.381726236,-0.833800779,0.391221465
0.05222049,0.126234946,-0.397255028,-1.204433884,-0.467371743,0.509173952,-0.399835633,-0.692075218,-0.316801661,-1.437234363,-1.163485879,0.172869067
-0.074304397,-0.197866743,-0.503256363,-1.044903301,-0.749094296,0.003749522,-0.230078797,-0.103376606,-0.072657833,-1.380802345,-0.837445837,0.381896887
0.051332244,0.124060888,-0.396992729,-1.200652272,-0.466605615,0.504834962,-0.405366663,-0.695610489,-0.315862488,-1.436518421,-1.164708992,0.174866637
-0.073190103,-0.193081842,-0.499506194,-1.051734944,-0.757951139,0.001866367,-0.238585779,-0.11164619,-0.060687982,-1.368101781,-0.840090087,0.378936491
0.052469637,0.126430901,-0.399167934,-1.208402939,-0.468666574,0.51343258,-0.392855632,-0.690086432,-0.322731519,-1.438395756,-1.154807393,0.177402882
-0.073112204,-0.194786998,-0.503374182,-1.051516948,-0.753919018,0.001760874,-0.241074555,-0.112408187,-0.062932082,-1.371639807,-0.838055241,0.388071025
0.052166978,0.125718191,-0.398878713,-1.206096193,-0.466834512,0.509708343,-0.401749529,-0.693025558,-0.31737383,-1.439103462,-1.161413714,0.174213575
-0.073633147,-0.195183953,-0.501768797,-1.051304855,-0.756615531,0.002116067,-0.241195669,-0.117059466,-0.064438525,-1.373058383,-0.846883511,0.376656699
0.053296031,0.129333191,-0.394425293,-1.202025952,-0.461878112,0.518342416,-0.389739891,-0.690622783,-0.327331888,-1.444188587,-1.161633633,0.170853805
-0.073912574,-0.197932459,-0.504773344,-1.047240354,-0.751765019,-0.003246943,-0.252745497,-0.121831258,-0.055685091,-1.366703744,-0.849933977,0.381165738
0.05232059,0.127127709,-0.393163493,-1.19609926,-0.460491075,0.511220921,-0.394786272,-0.686899158,-0.326830313,-1.44845635,-1.153345198,0.179964751
-0.072617596,-0.191670909,-0.497896589,-1.048339045,-0.751873094,0.008534311,-0.234574983,-0.112117417,-0.059576876,-1.367834858,-0.847508235,0.372142156
0.052749564,0.126971286,-0.398822396,-1.206434529,-0.463440013,0.520548914,-0.386116314,-0.688294051,-0.325340445,-1.439293183,-1.150716868,0.176454784
-0.073912518,-0.197356794,-0.504433184,-1.048094989,-0.750966869,0.002490924,-0.245961851,-0.117551562,-0.03595679,-1.336560223,-0.851892014,0.35114808
0.052409994,0.126018987,-0.398893913,-1.20527285,-0.46507646,0.511992346,-0.394977244,-0.686756341,-0.32479662,-1.448594177,-1.156382522,0.174539703
-0.072472675,-0.19090503,-0.498922317,-1.054699965,-0.757424031,0.008251762,-0.245302163,-0.12235905,-0.024960152,-1.323906584,-0.855018424,0.357691657
0.052539342,0.126400312,-0.400720697,-1.211079689,-0.467442704,0.517230033,-0.388618307,-0.682795911,-0.328531339,-1.456429639,-1.156656134,0.178346798
-0.072804918,-0.192356595,-0.500472096,-1.053992004,-0.756219304,0.005421323,-0.252096181,-0.125560417,-0.022790737,-1.324727344,-0.852151419,0.377484154
0.052004116,0.125499918,-0.400020375,-1.209108755,-0.467139487,0.513751934,-0.394590837,-0.684882065,-0.328363803,-1.461467882,-1.160222969,0.182287075
-0.073980212,-0.196139883,-0.503612263,-1.052436293,-0.75312665,0.008572132,-0.249297827,-0.127671881,-0.021688158,-1.320732785,-0.860443269,0.367336997
0.052803748,0.12780447,-0.397114962,-1.206577738,-0.465289844,0.51819161,-0.386419032,-0.681948802,-0.332676159,-1.466522783,-1.163373901,0.182201068
-0.073404305,-0.195474515,-0.50409621,-1.049816191,-0.747020808,0.008600933,-0.258682277,-0.13502132,-0.008945575,-1.302546199,-0.865369869,0.356624471
0.053264324,0.129666878,-0.393969486,-1.20512204,-0.466550886,0.520723937,-0.380535622,-0.681677105,-0.33165272,-1.459567428,-1.166311265,0.174621262
-0.074513696,-0.200964534,-0.50877962,-1.040316875,-0.733659191,0.009792823,-0.252227706,-0.122445835,-0.011509262,-1.304960186,-0.857197966,0.363258873
0.052498004,0.128400187,-0.390232883,-1.196418719,-0.464749512,0.515184505,-0.380664124,-0.675521277,-0.329077915,-1.460679368,-1.161545237,0.182023893
-0.074556041,-0.200415791,-0.507719399,-1.041184841,-0.735613691,0.009321336,-0.262537822,-0.13953777,0.001633669,-1.277412075,-0.862099675,0.354159375
0.053223546,0.129921222,-0.390329323,-1.197180452,-0.462903366,0.517115909,-0.37933754,-0.67324136,-0.327608159,-1.457983933,-1.160504505,0.177717561
-0.074100652,-0.199009541,-0.504990748,-1.036929083,-0.733213535,0.007321332,-0.265947454,-0.141973615,0.004128842,-1.269747626,-0.858277348,0.356044349
0.052952453,0.127905881,-0.392963528,-1.19472476,-0.456100527,0.524267039,-0.371746035,-0.671192555,-0.328287343,-1.451707781,-1.158713011,0.172292351
-0.074909387,-0.20169819,-0.505124413,-1.030309087,-0.728142615,0.007133723,-0.267760672,-0.147428629,0.008639511,-1.254152807,-0.858578095,0.35092708
0.052407281,0.128134167,-0.386946254,-1.18625352,-0.456133032,0.519694568,-0.368591024,-0.662699008,-0.323834544,-1.448849269,-1.155233444,0.16898726
-0.073391953,-0.195500806,-0.499070499,-1.030760088,-0.726794883,0.011475752,-0.264093679,-0.13887358,0.011452031,-1.259423734,-0.86069427,0.340850868
0.054229539,0.131987924,-0.388297849,-1.196520167,-0.464319534,0.527191426,-0.350691509,-0.655307767,-0.333223113,-1.457338193,-1.149212177,0.178422628
-0.071407742,-0.190209318,-0.497281871,-1.036102393,-0.730458756,0.005605134,-0.291939988,-0.170442499,0.016679148,-1.245896885,-0.871483535,0.343734026
0.053232289,0.130441334,-0.38833047,-1.197797734,-0.468068387,0.5185924,-0.367261174,-0.662690362,-0.327652603,-1.460986383,-1.159207852,0.176707167
-0.072996961,-0.194957537,-0.50311116,-1.041300937,-0.734059336,0.005106074,-0.29534586,-0.179050587,0.017081414,-1.237637454,-0.873321924,0.339111212
0.0522259,0.126183642,-0.396396546,-1.206134211,-0.471438749,0.52089201,-0.363264299,-0.65964357,-0.326188041,-1.457983301,-1.147075548,0.187858286
-0.071754408,-0.189303776,-0.497371408,-1.04582469,-0.741376275,0.006139252,-0.30194295,-0.196517755,0.018724606,-1.220929922,-0.870020571,0.334661376
0.054021226,0.130848699,-0.395267898,-1.210937747,-0.473308282,0.520226522,-0.368115431,-0.660005411,-0.322865885,-1.458345032,-1.152197042,0.179962992
-0.072283632,-0.192528407,-0.501811703,-1.044161766,-0.73619818,0.005749577,-0.299260252,-0.18602008,0.017972754,-1.234245426,-0.878188242,0.335233684
0.053078562,0.129162073,-0.39370101,-1.207593765,-0.47489365,0.517622169,-0.369739084,-0.666459,-0.323671856,-1.450379853,-1.151042798,0.177383199
-0.072989799,-0.194913039,-0.503863446,-1.04300522,-0.734747418,0.004950162,-0.293864442,-0.174712294,0.018908415,-1.235339994,-0.868727989,0.334873876
0.052518208,0.128185287,-0.393188628,-1.206786084,-0.475751882,0.519896535,-0.360404004,-0.658396483,-0.328156888,-1.458662054,-1.150363244,0.178522202
-0.074241362,-0.198810741,-0.506768246,-1.043288739,-0.73803074,-0.001704177,-0.307365108,-0.193453961,0.017233582,-1.227106048,-0.871432336,0.33905316
0.052163029,0.127163991,-0.392664101,-1.202595963,-0.472585173,0.517320037,-0.363367083,-0.657078684,-0.328235162,-1.459143612,-1.139205113,0.187471165
-0.073059913,-0.195351334,-0.502776639,-1.040045617,-0.736232805,-0.001268371,-0.30669732,-0.194768702,0.014865749,-1.226635898,-0.871129618,0.328706454
0.052378522,0.128088608,-0.390774812,-1.200439917,-0.471571187,0.518351936,-0.360644488,-0.656741847,-0.33142946,-1.462662495,-1.148343967,0.176272849
0.052568114,0.127930955,-0.391088481,-1.196507365,-0.46832988,0.511277236,-0.364645218,-0.658325023,-0.413596268,-1.647977283,-1.236326589,0.244631608
-0.07244434,-0.192759728,-0.498765258,-1.041168203,-0.745921541,0.000432222,-0.309926244,-0.253729019,-0.092331777,-1.369312399,-0.958141632,0.380513309
0.052083375,0.126277659,-0.393984416,-1.200117788,-0.469219047,0.516515744,-0.354874531,-0.649525853,-0.412504485,-1.650123385,-1.235062451,0.243930611
-0.071974478,-0.190891941,-0.498597336,-1.048115298,-0.752388957,0.000348801,-0.321416566,-0.273434333,-0.093477729,-1.365311947,-0.967072459,0.376781685
0.052630684,0.128182382,-0.392623706,-1.200248823,-0.467928307,0.512711537,-0.364205941,-0.645320754,-0.404210358,-1.658770072,-1.24025019,0.249265771
-0.071716483,-0.19063338,-0.499757946,-1.049985874,-0.752663194,0.001767721,-0.323469576,-0.284385735,-0.101442732,-1.362077472,-0.96793588,0.36789991
0.052370055,0.127230803,-0.395436762,-1.206014283,-0.472288658,0.516327059,-0.359263811,-0.651023558,-0.409968269,-1.649976125,-1.228643434,0.251769843
-0.071501826,-0.189433246,-0.499862968,-1.053290095,-0.752383539,0.00820327,-0.310086003,-0.264400533,-0.095983715,-1.369776048,-0.96474337,0.369846266
0.052829428,0.127751388,-0.397919267,-1.21095242,-0.473503139,0.51763917,-0.361750147,-0.654326956,-0.410893794,-1.653297877,-1.235617387,0.24915576
-0.073008943,-0.194725521,-0.504621121,-1.050741317,-0.748198696,0.005694726,-0.315216385,-0.267161413,-0.096548945,-1.367427248,-0.960025944,0.376876019
0.052364799,0.126908462,-0.397478017,-1.210302457,-0.473916226,0.523158372,-0.352158331,-0.655919364,-0.414504274,-1.642845577,-1.226640317,0.246972128
-0.07285737,-0.194516034,-0.503220796,-1.047696005,-0.747882658,0.000782513,-0.317009416,-0.255882916,-0.08533288,-1.369492306,-0.96021897,0.377488299
0.052690285,0.127424418,-0.396184539,-1.20539459,-0.469125124,0.518046772,-0.361963737,-0.655430359,-0.410944041,-1.648578571,-1.226790415,0.252167024
-0.072440549,-0.192409482,-0.500717932,-1.048415873,-0.748922783,0.00285199,-0.324576899,-0.277775473,-0.093963281,-1.359601647,-0.957505523,0.374621073
0.053567896,0.130588782,-0.392532664,-1.2044205,-0.469755714,0.516579216,-0.365039414,-0.656793828,-0.407995383,-1.643946912,-1.227709256,0.245942628
-0.072281212,-0.193881677,-0.504008576,-1.046527861,-0.743329284,0.00527108,-0.320631641,-0.278201167,-0.099322066,-1.353050218,-0.953029351,0.366505816
0.054229707,0.132307223,-0.390517842,-1.202119564,-0.468453267,0.515775955,-0.363952559,-0.653405219,-0.406606795,-1.642602365,-1.228726087,0.241501581
-0.072609447,-0.193735584,-0.501450417,-1.044531703,-0.744697329,0.003433301,-0.326534574,-0.286474569,-0.097614921,-1.351056108,-0.962141836,0.363314737
0.053477145,0.130502232,-0.390546474,-1.19990251,-0.467118199,0.518860698,-0.356567755,-0.646818011,-0.405599013,-1.645872871,-1.228131872,0.246141638
-0.07240978,-0.193287382,-0.500613149,-1.041980528,-0.742045254,0.002920893,-0.341693224,-0.323644984,-0.117089228,-1.335372964,-0.956962583,0.356363744
0.05189179,0.125903538,-0.395087202,-1.202048452,-0.466388364,0.526245627,-0.342325263,-0.634218302,-0.40048571,-1.643968503,-1.232227379,0.239051522
-0.073307081,-0.194740832,-0.500924541,-1.042623221,-0.740996767,0.010905272,-0.324713143,-0.302191017,-0.108153249,-1.340070901,-0.958738085,0.360799668
0.052548589,0.127297528,-0.395087615,-1.202972003,-0.466459811,0.522962318,-0.348745705,-0.635224559,-0.397168562,-1.641355889,-1.217898317,0.254640416
-0.072956036,-0.194416531,-0.501913875,-1.043467133,-0.740762988,0.009344278,-0.329820943,-0.309190826,-0.11031973,-1.331681876,-0.944542764,0.363327736
0.052334009,0.127402279,-0.393495557,-1.20224526,-0.468647672,0.521250412,-0.34994829,-0.636763427,-0.395959727,-1.641336598,-1.228311793,0.242904658
-0.0727394,-0.193680542,-0.501684039,-1.044392816,-0.74088568,0.011186115,-0.318596851,-0.286249709,-0.101749539,-1.3466058,-0.956520788,0.364282694
0.051783416,0.125690245,-0.395709725,-1.204293291,-0.471442533,0.513579139,-0.365233899,-0.649977284,-0.396890102,-1.637463227,-1.224002922,0.248034452
-0.072763398,-0.192136622,-0.499509836,-1.048781925,-0.749460623,0.005564575,-0.319986977,-0.275270451,-0.090030022,-1.34956894,-0.955715141,0.365256662
0.051570686,0.123718706,-0.402479509,-1.213903899,-0.475430325,0.516755047,-0.361463664,-0.648966222,-0.398245015,-1.640081737,-1.229417583,0.243860236
-0.072276903,-0.189585676,-0.497861655,-1.054796628,-0.75650474,0.00618661,-0.317305657,-0.270308487,-0.085612135,-1.352466151,-0.952297016,0.382496739
0.05308542,0.12783825,-0.400474692,-1.215466782,-0.474779017,0.517159883,-0.367375277,-0.657188148,-0.397993272,-1.629469469,-1.222590898,0.243072655
-0.072798784,-0.193689735,-0.502826055,-1.051220236,-0.752191325,0.001935445,-0.319028024,-0.269067131,-0.08374918,-1.340245929,-0.94233263,0.375211421
0.053383743,0.129746428,-0.394943274,-1.209025151,-0.473088597,0.51907923,-0.361115295,-0.656862073,-0.40006315,-1.62074695,-1.215996998,0.238632945
-0.073080903,-0.194913229,-0.50406788,-1.047763753,-0.744402653,0.008048227,-0.322478887,-0.291026289,-0.096121786,-1.323813446,-0.94366418,0.353250351
0.051663213,0.124864771,-0.398306433,-1.208085009,-0.473421041,0.515111286,-0.361986614,-0.649385198,-0.388964197,-1.608798414,-1.205028595,0.240648495
-0.074049577,-0.197440258,-0.503989514,-1.042631477,-0.740401779,0.009819374,-0.320117373,-0.294263575,-0.096105893,-1.305223772,-0.927175684,0.352385993
0.051475244,0.124493021,-0.397398161,-1.205441268,-0.471635187,0.516897739,-0.350386445,-0.627501768,-0.378578677,-1.613957475,-1.209852171,0.235791921
-0.07275725,-0.192181494,-0.499496494,-1.04929522,-0.75111136,0.002670793,-0.342328431,-0.324059813,-0.100603494,-1.302976788,-0.941635785,0.346370027
0.052450336,0.127004014,-0.397254831,-1.209899969,-0.475322652,0.513740417,-0.357921254,-0.631404043,-0.375793564,-1.614413901,-1.206094164,0.24400233
-0.071436405,-0.188769684,-0.498739107,-1.052857786,-0.752280518,0.002066991,-0.359876787,-0.359773166,-0.118069642,-1.291227342,-0.934580103,0.341555965
0.052883846,0.127568601,-0.399911835,-1.215562019,-0.475456459,0.522198606,-0.350453723,-0.632203614,-0.377671142,-1.610863954,-1.205379585,0.237534507
-0.072426776,-0.191728872,-0.50216874,-1.054256597,-0.750316753,0.007081145,-0.349655201,-0.346113623,-0.112447601,-1.292156322,-0.93232941,0.342843411
0.053153995,0.129145795,-0.396860926,-1.213226517,-0.476171674,0.516840237,-0.356540355,-0.631018341,-0.37105448,-1.602195265,-1.19405286,0.239952907
-0.0714235,-0.190389364,-0.502113968,-1.051972505,-0.747682508,0.004468825,-0.345356412,-0.327526485,-0.100211421,-1.29163677,-0.927634146,0.343959761
0.053462096,0.13023577,-0.394266524,-1.208810815,-0.473187772,0.513490424,-0.36525672,-0.63762412,-0.372318815,-1.604602944,-1.206119889,0.231766757
-0.072601019,-0.193516285,-0.50411374,-1.052943369,-0.750388031,0.001478419,-0.357367201,-0.350720083,-0.108325477,-1.284095711,-0.93111346,0.344875142
0.051771458,0.125381511,-0.398736491,-1.210569618,-0.47409308,0.513408373,-0.362659678,-0.631176119,-0.364869287,-1.597214059,-1.196570823,0.236026183
-0.072988666,-0.192410842,-0.50043668,-1.051843989,-0.750652796,0.008947349,-0.340291487,-0.335069717,-0.105440937,-1.28651586,-0.935417049,0.32604868
0.053172048,0.128866098,-0.396690083,-1.210373927,-0.472418802,0.518007541,-0.352699232,-0.621116707,-0.363890064,-1.602382682,-1.199938253,0.233653722
-0.073536678,-0.197195435,-0.505664219,-1.043294851,-0.739026188,0.006329142,-0.350280637,-0.359082647,-0.128187866,-1.275897575,-0.923810734,0.313439265
0.052382446,0.126596205,-0.396134384,-1.204817683,-0.470082045,0.520310928,-0.3406629,-0.615158981,-0.368909276,-1.596494222,-1.191486524,0.229974088
-0.073287202,-0.193673367,-0.498907833,-1.044092228,-0.746901712,0.00403631,-0.351370621,-0.360711192,-0.122730337,-1.269277574,-0.918390145,0.325236449
0.051757634,0.124390568,-0.399518745,-1.207563083,-0.471467676,0.514928714,-0.352731664,-0.622321409,-0.365407607,-1.58962886,-1.185980228,0.230128946
-0.073201469,-0.193093001,-0.500291834,-1.051791744,-0.754517428,0.00088578,-0.358938604,-0.363607668,-0.112877002,-1.263313803,-0.917281032,0.32699316
0.052267962,0.126205018,-0.399286677,-1.212693965,-0.473955391,0.528587882,-0.331561929,-0.618244023,-0.372140981,-1.585293226,-1.182352912,0.223470309
-0.074199359,-0.198067009,-0.505402997,-1.042571817,-0.736233171,0.013765378,-0.33278085,-0.334416981,-0.115245951,-1.265358969,-0.90599523,0.315087209
0.052333662,0.126131502,-0.3975651,-1.207534492,-0.472339146,0.522944858,-0.337555467,-0.62371966,-0.375200892,-1.580556691,-1.185002003,0.213531851
-0.074262423,-0.19769738,-0.503535291,-1.042720845,-0.742729409,0.001761725,-0.354862159,-0.357899556,-0.116712815,-1.257747395,-0.907086648,0.32895018
0.052228796,0.125849362,-0.39795368,-1.208090507,-0.47276845,0.523603462,-0.332190211,-0.61186483,-0.367116666,-1.581154341,-1.180539131,0.221283842
-0.074465692,-0.198029852,-0.503503908,-1.042345347,-0.741945714,0.003719777,-0.35540583,-0.36743672,-0.125502205,-1.253625091,-0.90483202,0.318725924
0.051218036,0.123530664,-0.398137101,-1.206239671,-0.473717289,0.519304597,-0.342476894,-0.627345333,-0.372121462,-1.570302998,-1.167483927,0.226182118
-0.072671342,-0.191327321,-0.497884227,-1.047054171,-0.747792603,0.003126675,-0.352768378,-0.348394884,-0.105169574,-1.253849292,-0.898973609,0.333066482
0.052635024,0.12685572,-0.398916689,-1.212267445,-0.474531091,0.523890351,-0.341762916,-0.628879531,-0.372371939,-1.573926902,-1.18046951,0.216317767
-0.071355247,-0.188323184,-0.499046191,-1.052461342,-0.746402159,0.013085517,-0.346249105,-0.356667221,-0.115263009,-1.250194544,-0.901466277,0.326471411
0.054963835,0.133482801,-0.39432137,-1.213505325,-0.474697768,0.529332977,-0.326159613,-0.606579993,-0.363392914,-1.578970627,-1.183432581,0.21605679
-0.073198462,-0.196875384,-0.506336165,-1.038813412,-0.725931389,0.021263692,-0.337738125,-0.367751123,-0.143785682,-1.248117235,-0.89703035,0.304480645
0.054288664,0.13339531,-0.38632796,-1.198238989,-0.469957742,0.518200186,-0.338557889,-0.610986012,-0.359130583,-1.57010346,-1.172772606,0.224062617
-0.073013112,-0.196769411,-0.506234256,-1.042002703,-0.737708822,-0.000223763,-0.361245337,-0.365073426,-0.119081908,-1.244043272,-0.900529101,0.310025877
0.052579186,0.128209508,-0.391583124,-1.200882087,-0.471804671,0.51812071,-0.339604564,-0.619090595,-0.366527005,-1.569185392,-1.174300566,0.216724253
-0.07240473,-0.192844254,-0.501808271,-1.045271707,-0.741174538,0.008149261,-0.345929418,-0.353083934,-0.116594754,-1.242610199,-0.889380835,0.324272122
0.053395168,0.130264281,-0.392513101,-1.206853453,-0.475731199,0.515052479,-0.345677605,-0.615683826,-0.35633022,-1.566108917,-1.172145484,0.218477559
-0.074272761,-0.198901844,-0.506086487,-1.041882905,-0.73931455,0.001314772,-0.355135845,-0.359097709,-0.118570892,-1.244271975,-0.897303249,0.311864666
0.052027034,0.126104539,-0.395440686,-1.206519477,-0.475898148,0.524545215,-0.318688313,-0.596701365,-0.360166092,-1.571983508,-1.175496812,0.213272058
-0.073085261,-0.194366447,-0.501935649,-1.042864993,-0.738903599,0.007171446,-0.365605066,-0.406117465,-0.15719701,-1.232213113,-0.881509143,0.310215401
0.051825484,0.124794459,-0.399399869,-1.211345357,-0.476238637,0.526544343,-0.320088104,-0.598239341,-0.361347531,-1.573168176,-1.16807188,0.2218553
-0.073677563,-0.19622676,-0.503309065,-1.041106403,-0.736004991,0.010179102,-0.364951485,-0.421625697,-0.177906679,-1.231963269,-0.878946868,0.299071046
0.050982283,0.123318756,-0.398052594,-1.208080932,-0.478134452,0.514825496,-0.333268546,-0.593439923,-0.347823242,-1.578489441,-1.182210662,0.220370324
-0.071892879,-0.188261564,-0.496705851,-1.053890473,-0.754969903,0.002955216,-0.385410239,-0.450197721,-0.181602822,-1.232631468,-0.892434243,0.29654525
0.053324502,0.128808183,-0.398687752,-1.216003757,-0.479531318,0.514525934,-0.340416924,-0.59023542,-0.335778061,-1.573999143,-1.175477148,0.22889266
-0.072751318,-0.192927126,-0.502151284,-1.049837667,-0.747091962,0.003800179,-0.377661851,-0.430639986,-0.170631154,-1.228307838,-0.88063545,0.301520925
0.052968747,0.129161557,-0.395176923,-1.21242945,-0.47861515,0.522452355,-0.324819876,-0.586897078,-0.343993652,-1.571701222,-1.167560645,0.228123836
-0.073084499,-0.194315356,-0.504429718,-1.051518074,-0.746905045,0.004560563,-0.386161599,-0.457283564,-0.190990807,-1.215360016,-0.864109787,0.298687675
0.052112903,0.125665599,-0.400625097,-1.215540966,-0.478601004,0.517860732,-0.332969996,-0.584853447,-0.334717091,-1.565759397,-1.169197849,0.218393356
-0.073073895,-0.194430524,-0.504423438,-1.051955377,-0.749129812,0.002609226,-0.381721454,-0.442653889,-0.17808204,-1.220421634,-0.878359642,0.291364658
0.052582002,0.12659913,-0.401289472,-1.216693718,-0.477061996,0.515382809,-0.345096873,-0.597385033,-0.33880379,-1.564617212,-1.170142224,0.217305979
-0.073284117,-0.194900439,-0.504712602,-1.052619777,-0.749982082,0.004538523,-0.375210174,-0.433899343,-0.170730127,-1.213396906,-0.873823846,0.286429488
0.053324908,0.129441275,-0.395993358,-1.210991056,-0.475430683,0.514928032,-0.337387584,-0.584069588,-0.334788242,-1.566346641,-1.160624583,0.225312972
-0.072790418,-0.194157766,-0.503497407,-1.046642466,-0.742535553,0.007342398,-0.371076329,-0.436505323,-0.187339103,-1.222754475,-0.871931367,0.280584426
0.053049506,0.128873005,-0.395051868,-1.209294657,-0.476113554,0.519722156,-0.327331433,-0.591213328,-0.352517884,-1.569324505,-1.160312586,0.221678872
-0.072795713,-0.192805551,-0.501919533,-1.050459085,-0.748016019,0.005276965,-0.374764199,-0.436098296,-0.17937405,-1.218075937,-0.870148988,0.285848533
0.052373199,0.12610704,-0.400553993,-1.215242233,-0.478358177,0.517722745,-0.332270876,-0.588842471,-0.342576853,-1.563764569,-1.161068687,0.217398969
-0.07259885,-0.192445747,-0.501909024,-1.051761916,-0.750387257,0.002248614,-0.382577672,-0.445973989,-0.182345015,-1.218208515,-0.870401407,0.289655071
0.054113055,0.131123104,-0.396144808,-1.213057264,-0.474706857,0.519914967,-0.33115223,-0.579019176,-0.333981103,-1.571374809,-1.167652293,0.221281762
-0.071852989,-0.191002964,-0.502145702,-1.051421847,-0.745432678,0.008459003,-0.378218638,-0.447046902,-0.188157652,-1.217932716,-0.867722945,0.286274064
0.053538292,0.129800551,-0.39693725,-1.21387262,-0.475744771,0.522486317,-0.327810156,-0.584976032,-0.340519958,-1.560680273,-1.15442934,0.21788494
-0.071873029,-0.191387938,-0.502094843,-1.049268835,-0.743707896,0.006910637,-0.378077628,-0.442117864,-0.183296033,-1.212971611,-0.86301761,0.284652009
0.053531483,0.130303526,-0.393981237,-1.208858018,-0.474734603,0.515615094,-0.332962303,-0.575476456,-0.327362291,-1.560781749,-1.161616768,0.215969924
-0.071718022,-0.190277073,-0.500566022,-1.050353232,-0.746171523,0.004604596,-0.38891274,-0.462070303,-0.194457886,-1.208934849,-0.85710636,0.290934045
0.053534078,0.130261919,-0.39445731,-1.209618353,-0.473540228,0.520778911,-0.324875143,-0.567676204,-0.32439441,-1.562688159,-1.161929158,0.219411576
-0.071428851,-0.190119213,-0.502234229,-1.053144388,-0.74666026,0.00802315,-0.387249015,-0.471273248,-0.205197214,-1.204482708,-0.848771053,0.290599551
0.053676592,0.13024602,-0.39622523,-1.212316043,-0.472695653,0.523500029,-0.328803708,-0.58003578,-0.332636062,-1.556035342,-1.15407183,0.216495442
-0.072509292,-0.193035299,-0.503483928,-1.049268554,-0.740890782,0.011886574,-0.378674824,-0.452876824,-0.19202156,-1.206967025,-0.853939594,0.288492093
0.052846796,0.127366846,-0.399390441,-1.213201229,-0.472552812,0.523375403,-0.330773928,-0.585478552,-0.338209298,-1.561115011,-1.157471158,0.217596427
-0.071879744,-0.189884829,-0.500030798,-1.050705799,-0.742462835,0.015747861,-0.372139346,-0.444668232,-0.187972056,-1.210504327,-0.855187919,0.290077204
0.052837518,0.127422346,-0.400583925,-1.216702875,-0.475403082,0.51985299,-0.332866583,-0.572683727,-0.32342923,-1.566991986,-1.168174778,0.218055306
-0.07213748,-0.191397306,-0.50203956,-1.052150864,-0.746918012,0.007696111,-0.382455924,-0.458123187,-0.198360113,-1.217512695,-0.863235925,0.289107524
0.052183908,0.126068613,-0.399269347,-1.212523234,-0.47380444,0.525187205,-0.318943631,-0.570230405,-0.335194833,-1.568929599,-1.155998277,0.224886893
-0.072486678,-0.191114553,-0.500838785,-1.054818429,-0.751261465,0.008762067,-0.378606135,-0.450066644,-0.191052224,-1.220663666,-0.860658157,0.295151077
0.051605081,0.124445577,-0.401849564,-1.215573124,-0.475685097,0.519949466,-0.333523503,-0.585385415,-0.345286722,-1.578332477,-1.160454616,0.226395736
-0.072983588,-0.193401546,-0.504267774,-1.056699169,-0.752270966,0.009551774,-0.377391082,-0.460599004,-0.206266382,-1.221391972,-0.854734645,0.302255654
0.053209242,0.128640135,-0.399390876,-1.215741292,-0.474903017,0.518088646,-0.339108438,-0.589151777,-0.345331654,-1.575372569,-1.160540943,0.223187714
-0.07123436,-0.188287832,-0.499646205,-1.05766891,-0.75759915,-0.000138676,-0.383109883,-0.433116751,-0.167481539,-1.229471879,-0.878705186,0.304432332
0.054889681,0.134050772,-0.39184546,-1.209566548,-0.472632963,0.522364342,-0.331910261,-0.597017573,-0.363716584,-1.584927326,-1.165963819,0.222149011
-0.071689253,-0.192893472,-0.50467683,-1.048156927,-0.743938409,-0.000208985,-0.378344657,-0.421440517,-0.171329691,-1.239147067,-0.876896072,0.313015126
0.053624178,0.131256657,-0.389966102,-1.201958264,-0.46994785,0.520104201,-0.328501338,-0.58750459,-0.359038175,-1.590598832,-1.170359918,0.224846691
-0.072826042,-0.19575888,-0.509518702,-1.056409848,-0.748230083,0.003494194,-0.384707764,-0.44386255,-0.187371692,-1.2417819,-0.880169698,0.308808929
0.051919583,0.126154593,-0.397766445,-1.211117882,-0.474998507,0.515688701,-0.343615223,-0.598854689,-0.356837268,-1.594987353,-1.180199966,0.227221663
-0.072985819,-0.194924426,-0.505441532,-1.050370923,-0.744590057,0.007491766,-0.37549482,-0.44141287,-0.19490034,-1.241913834,-0.878012072,0.305730215
0.051616748,0.125667889,-0.396468625,-1.208485776,-0.474029196,0.521574294,-0.326609008,-0.584719528,-0.355399458,-1.595398641,-1.175109412,0.231793575
-0.073897053,-0.197402026,-0.506519015,-1.049999153,-0.747831526,0.001633099,-0.375529817,-0.427288958,-0.181476876,-1.24889853,-0.88165598,0.314813523
0.052335911,0.127526211,-0.394447135,-1.205881372,-0.472992514,0.515078091,-0.338334884,-0.593514039,-0.360341272,-1.597732662,-1.173060802,0.234036842
-0.074110759,-0.198300939,-0.506207282,-1.045809104,-0.743848248,0.003002352,-0.376611337,-0.440874877,-0.197832416,-1.244346459,-0.871750881,0.31609567
0.052522768,0.127810311,-0.393347793,-1.202658424,-0.470244894,0.518251282,-0.332073487,-0.59553622,-0.369140141,-1.594631629,-1.169173968,0.226782073
-0.073683599,-0.197282751,-0.503800277,-1.041244656,-0.741888694,0.001072339,-0.364389038,-0.403077635,-0.168598001,-1.248303731,-0.87706205,0.320545049
0.051857317,0.126199379,-0.393079835,-1.19892765,-0.467810296,0.514768823,-0.340326721,-0.603703581,-0.371299193,-1.591771412,-1.169386865,0.223520271
-0.073334429,-0.195081639,-0.50294609,-1.047842396,-0.7469175,0.006286405,-0.371799617,-0.439381316,-0.19434588,-1.237038786,-0.868502567,0.313169338
0.052986247,0.129064221,-0.392832383,-1.202885499,-0.468112526,0.523520457,-0.31909686,-0.570666344,-0.349783962,-1.592304632,-1.166937143,0.232321549
-0.072138522,-0.192324461,-0.501579464,-1.046910214,-0.744310752,0.006877226,-0.376623392,-0.452546424,-0.207015147,-1.237449212,-0.871068928,0.299668878
0.052806612,0.128172793,-0.394451807,-1.203677346,-0.469418871,0.51053562,-0.344306549,-0.58216651,-0.341687272,-1.590934045,-1.17373895,0.230605416
-0.072229627,-0.192053231,-0.499912126,-1.047226014,-0.750540981,-0.00546698,-0.400124562,-0.478654123,-0.214766253,-1.232607317,-0.868849762,0.299369751
0.052750792,0.128414058,-0.393110674,-1.202142111,-0.469893071,0.507486162,-0.345694638,-0.575786445,-0.335845608,-1.596784989,-1.185647143,0.226993856
-0.073676913,-0.196384839,-0.502032599,-1.043406325,-0.748456867,-0.006874072,-0.395116901,-0.467192771,-0.209939378,-1.239826423,-0.876037998,0.306048424
0.052690058,0.128190509,-0.392353953,-1.199781976,-0.468607717,0.510238131,-0.341746481,-0.585560988,-0.351746621,-1.59409795,-1.170201401,0.233591332
-0.072846683,-0.194311766,-0.500359108,-1.041043687,-0.744612966,-0.003612981,-0.385805629,-0.45006515,-0.200508704,-1.242260307,-0.879614557,0.297171975
0.052059027,0.126631077,-0.392260542,-1.196453192,-0.465979243,0.507950757,-0.347564625,-0.589541998,-0.354220717,-1.601790817,-1.181848685,0.229905629
-0.072377849,-0.193178435,-0.501277492,-1.046186089,-0.74835283,-0.003126909,-0.38757199,-0.450237857,-0.197659186,-1.248232545,-0.884880523,0.306483075
0.052946305,0.129181626,-0.390963086,-1.198348145,-0.466364162,0.512284885,-0.347379557,-0.604193371,-0.367415708,-1.591817542,-1.165517547,0.232560125
-0.072966017,-0.195073079,-0.502240476,-1.042478651,-0.742726581,0.000674049,-0.376800317,-0.429951292,-0.185142119,-1.246906962,-0.882551711,0.305907151
0.052700794,0.127755147,-0.39397556,-1.20177537,-0.467535409,0.51824432,-0.337216937,-0.601392201,-0.366864797,-1.583766084,-1.161327151,0.226807537
-0.072159982,-0.191660332,-0.500033086,-1.045571282,-0.742444969,0.007890807,-0.36818704,-0.420651964,-0.176545591,-1.234338672,-0.867429767,0.31133458
0.053498297,0.130040848,-0.393542562,-1.205111239,-0.469395713,0.515159256,-0.347869608,-0.608054289,-0.363537231,-1.580337963,-1.158322095,0.227931323
-0.072503927,-0.193340769,-0.503168967,-1.050609605,-0.74884506,-0.003170878,-0.384929762,-0.416637447,-0.155196254,-1.241597274,-0.886932655,0.308773794
0.054114051,0.132183918,-0.391121694,-1.203859388,-0.467883137,0.515569464,-0.348660062,-0.603070339,-0.356903497,-1.580544588,-1.157951552,0.229259631
-0.070973482,-0.188278851,-0.500903374,-1.05632259,-0.749955096,0.007117172,-0.380963936,-0.433527253,-0.172979171,-1.238005214,-0.882554531,0.298754052
0.054181924,0.131424252,-0.397075144,-1.214626638,-0.47166861,0.518583789,-0.351141452,-0.605723776,-0.356838557,-1.589603806,-1.16974326,0.228502977
-0.072141558,-0.192502809,-0.504755155,-1.054313978,-0.747170377,0.003962855,-0.384889056,-0.433551681,-0.174196238,-1.242620908,-0.883129452,0.305172668
0.052768596,0.12760861,-0.399079987,-1.213539312,-0.47229812,0.520184839,-0.340420697,-0.592068864,-0.35072507,-1.591523522,-1.173540604,0.228504756
-0.073070691,-0.194793288,-0.504708558,-1.048060681,-0.738857497,0.01375482,-0.373290643,-0.44473982,-0.200959059,-1.23940158,-0.870941711,0.299620502
0.052239435,0.126362717,-0.398483529,-1.210801952,-0.472214278,0.520181083,-0.333321778,-0.58399791,-0.349039874,-1.589131637,-1.164994879,0.23322315
-0.073360009,-0.195226143,-0.504550976,-1.049481796,-0.74360274,0.009376567,-0.379454408,-0.458444778,-0.212666156,-1.239649544,-0.868861095,0.294532783
0.053052689,0.129059201,-0.395070297,-1.208547477,-0.472871676,0.512231231,-0.34757975,-0.593450424,-0.350934816,-1.592566602,-1.172862876,0.227794017
-0.072731223,-0.194585365,-0.505186337,-1.049265859,-0.743866832,0.00387864,-0.385676787,-0.456853515,-0.205963194,-1.2368342,-0.869959468,0.293315788
0.052169181,0.127449689,-0.394026058,-1.206815564,-0.473982607,0.521635914,-0.323261442,-0.580538807,-0.354886552,-1.592503259,-1.170848641,0.226948692
-0.073078616,-0.195903923,-0.506611078,-1.048108469,-0.740684186,0.007535811,-0.379936272,-0.455594012,-0.212837108,-1.242321282,-0.874332842,0.290304318
0.052725853,0.128029154,-0.39510682,-1.206645817,-0.472506921,0.514532131,-0.336679364,-0.584577509,-0.350428216,-1.590050765,-1.169174537,0.228875628
-0.072560933,-0.19285689,-0.501574078,-1.047103167,-0.744342537,0.004325397,-0.379977012,-0.447221522,-0.20200337,-1.240118038,-0.869611267,0.300880833
0.053104057,0.129128925,-0.394441179,-1.207303397,-0.47418479,0.510104044,-0.343936943,-0.590278786,-0.353516645,-1.588444635,-1.159032313,0.235558984
-0.073914784,-0.198180281,-0.506191502,-1.045115944,-0.745111294,-0.003709899,-0.378619037,-0.426800388,-0.182961444,-1.237511502,-0.864396718,0.309910387
0.051733859,0.124758949,-0.397726621,-1.205453408,-0.472547852,0.508524366,-0.34407611,-0.589009147,-0.35306692,-1.588279396,-1.165054455,0.227279396
-0.074731165,-0.197884093,-0.502597848,-1.04549707,-0.749438505,-0.000790604,-0.373076582,-0.428436404,-0.187253571,-1.240426794,-0.868480578,0.311372153
0.051102681,0.122771898,-0.400260103,-1.208539864,-0.474756393,0.516207925,-0.32721571,-0.58298456,-0.362014852,-1.594588493,-1.163085661,0.229395001
-0.074656904,-0.198836027,-0.504026906,-1.042550612,-0.744868984,-0.002744856,-0.382316785,-0.445199181,-0.202937355,-1.243598104,-0.869781241,0.301945968
0.050921304,0.123392402,-0.395736669,-1.201304905,-0.472334747,0.509155786,-0.33983799,-0.589442446,-0.359843913,-1.597100872,-1.170021014,0.229337347
-0.074253204,-0.197959673,-0.502060262,-1.038038435,-0.742119847,-0.004659213,-0.374921278,-0.419297777,-0.185785887,-1.256059907,-0.880226913,0.311296361
0.052196488,0.126250021,-0.393906903,-1.198916624,-0.469603938,0.505071832,-0.350850283,-0.603329209,-0.374484396,-1.607387273,-1.169195494,0.236747132
-0.073041391,-0.193648834,-0.500078535,-1.046317774,-0.750677628,-0.003710739,-0.377082843,-0.426510629,-0.189013887,-1.260886442,-0.884927904,0.310143174
0.052866552,0.127164388,-0.398299577,-1.208478176,-0.471783231,0.511469585,-0.343676452,-0.592696053,-0.366729687,-1.609118893,-1.164146508,0.242603342
-0.07148264,-0.188850355,-0.497788202,-1.050765545,-0.751989589,0.002639345,-0.377308025,-0.442397778,-0.203803403,-1.260000198,-0.880904306,0.30286409
0.053118204,0.128857146,-0.395874008,-1.208913585,-0.474732515,0.504844958,-0.357590871,-0.602324271,-0.364599204,-1.611406305,-1.177049464,0.235019063
-0.072673189,-0.193243062,-0.502985628,-1.051751404,-0.751142246,0.000607027,-0.378806308,-0.440699631,-0.201276512,-1.258732781,-0.882115609,0.307047952
0.053444452,0.129257516,-0.397404955,-1.212713868,-0.47526146,0.517923999,-0.331671511,-0.584916222,-0.361835798,-1.605445747,-1.168201725,0.234684596
-0.072121854,-0.191087397,-0.502796165,-1.057375101,-0.754109905,0.002997112,-0.379906139,-0.439236102,-0.194245301,-1.256314669,-0.883735861,0.299314344
0.052728476,0.126943041,-0.40195833,-1.218442481,-0.47854032,0.507840551,-0.354493097,-0.593677902,-0.35408997,-1.610237091,-1.175747312,0.238905349
-0.071469294,-0.190030886,-0.502419483,-1.056560395,-0.754056196,0.000477906,-0.37864339,-0.429642436,-0.188034084,-1.260989521,-0.8817329,0.318446855
0.053459498,0.129579881,-0.397414186,-1.21464834,-0.478194147,0.512119897,-0.34283606,-0.591350769,-0.361358216,-1.609715424,-1.176014946,0.234353946
-0.073069551,-0.194944451,-0.504266908,-1.048935765,-0.747492428,0.001737998,-0.376797385,-0.44321472,-0.20916216,-1.2594872,-0.879249698,0.309717636
0.051549041,0.124400252,-0.399900253,-1.211383286,-0.477186659,0.509553423,-0.341701661,-0.587601905,-0.359097077,-1.610125196,-1.183141301,0.229848998
-0.072836142,-0.193809583,-0.502226355,-1.048553762,-0.75000537,0.000272855,-0.374825598,-0.437993752,-0.204020516,-1.260927847,-0.881017527,0.318591223
0.052644128,0.127462533,-0.396621521,-1.207916368,-0.47354436,0.511128425,-0.340378039,-0.586474551,-0.360945851,-1.609746547,-1.170800108,0.243463097
-0.072942893,-0.193287602,-0.501961935,-1.05195763,-0.753079135,0.002107578,-0.377938042,-0.449849652,-0.210173835,-1.257204112,-0.879645223,0.309810983
0.052173098,0.125170246,-0.401948432,-1.214239539,-0.475721475,0.513299655,-0.345771006,-0.608123295,-0.378120762,-1.605969586,-1.170240195,0.23332682
-0.07226048,-0.190682053,-0.498958464,-1.053022021,-0.756793423,0.000661096,-0.369834389,-0.419349127,-0.180571167,-1.262132623,-0.888068519,0.321542275
0.053496513,0.129359506,-0.397386251,-1.211311688,-0.47257902,0.515532235,-0.347094793,-0.611817706,-0.381529439,-1.610758299,-1.178678486,0.229993005
-0.072509438,-0.192601501,-0.502508607,-1.053329436,-0.753048285,0.003061387,-0.36603972,-0.411568131,-0.178945195,-1.270410695,-0.896746098,0.318287395
0.052639169,0.127536628,-0.397631578,-1.210280147,-0.472573484,0.516580379,-0.341824641,-0.602719775,-0.375837954,-1.612463975,-1.177910477,0.236372444
-0.071400348,-0.18890928,-0.499778739,-1.055604395,-0.754578674,0.005680785,-0.368218855,-0.419972499,-0.182455564,-1.265794334,-0.889431227,0.325093861
0.052903697,0.128086349,-0.397945149,-1.211327816,-0.472777577,0.514279031,-0.347442829,-0.602945382,-0.371034104,-1.613346749,-1.182043791,0.234798404
-0.072520819,-0.194198861,-0.50379008,-1.046571441,-0.743754516,0.005593131,-0.361708895,-0.405812997,-0.181133745,-1.274906548,-0.894228494,0.329402971
0.052355702,0.126929891,-0.395442901,-1.203954667,-0.46888752,0.517433136,-0.34042464,-0.608101717,-0.385521123,-1.616358338,-1.174481274,0.241182388
-0.07313642,-0.195019557,-0.502754333,-1.046194706,-0.746103804,0.003598017,-0.360296086,-0.39355286,-0.169693508,-1.282811833,-0.897558455,0.337523308
0.051700526,0.125393782,-0.395747451,-1.202272536,-0.468457049,0.510298821,-0.359097623,-0.626736328,-0.391524775,-1.621026652,-1.186135009,0.235593681
-0.073138665,-0.195158711,-0.502980847,-1.047514765,-0.749737967,-0.002397692,-0.359106153,-0.369057361,-0.14658557,-1.29315444,-0.906890488,0.350938614
0.051071678,0.123648195,-0.3967414,-1.201757274,-0.469877582,0.504515449,-0.36498439,-0.624683286,-0.386249381,-1.623140998,-1.188072122,0.239746828
-0.07208635,-0.190377059,-0.497858186,-1.049993398,-0.754127872,0.001390836,-0.359910804,-0.389265107,-0.16402522,-1.290872896,-0.907546085,0.343127057
0.051995303,0.125679777,-0.397686903,-1.206630924,-0.470561535,0.517714424,-0.344889911,-0.623680295,-0.399926963,-1.625322397,-1.188573542,0.236438775
-0.072362811,-0.193054833,-0.501385706,-1.045646659,-0.745530558,0.005325407,-0.345182109,-0.360944115,-0.152849784,-1.300340678,-0.915021199,0.339226649
0.053036654,0.129428238,-0.39138391,-1.19951409,-0.467461328,0.509159186,-0.362441072,-0.633232587,-0.398714373,-1.62880896,-1.189562876,0.243697745
-0.07226353,-0.192627039,-0.500489731,-1.045272714,-0.746996727,0.001965528,-0.34515268,-0.349561134,-0.144304848,-1.309138015,-0.917618512,0.346156349
0.052704134,0.128160168,-0.393186503,-1.201680032,-0.468379646,0.520172793,-0.340032692,-0.625216849,-0.408519114,-1.635357923,-1.195338909,0.237579611
-0.072285143,-0.192146267,-0.500045292,-1.046627383,-0.748203405,0.003642343,-0.346993168,-0.360963861,-0.153543332,-1.310465257,-0.92024762,0.350749176
